"Die","Domain","FrequencyGHz","Core","VminColumn","UpmS2TColumn","DevRevColumn","DevRevStep","TargetS2T","Samples","Slope","Intercept","R2","Vmin_At_Target"
"CDIE","AT","1.2","1","VA-IN-NA-GSDS_D_S::UPSVFPASSFLOW_U1PU5_RCS_AT_1.200_1","UPM_0107_DPMH156P48ULVTINVD4_FULLDIE_0950_MED_SORT_U1.U5 S2T","DevRevStep_SORT_U1.U5","8PY6CVT","0.87","8756","-0.34387060912658","0.770108495954467","0.0315793399341839","0.470941066014343"
"CDIE","AT","1.2","2","VA-IN-NA-GSDS_D_S::UPSVFPASSFLOW_U1PU5_RCS_AT_1.200_2","UPM_0107_DPMH156P48ULVTINVD4_FULLDIE_0950_MED_SORT_U1.U5 S2T","DevRevStep_SORT_U1.U5","8PY6CVT","0.87","8733","-0.433290914895813","0.851416020596733","0.0442408609378591","0.474452924637376"
"CDIE","AT","2.8","1","VA-IN-NA-GSDS_D_S::UPSVFPASSFLOW_U1PU5_RCS_AT_2.800_1","UPM_0107_DPMH156P48ULVTINVD4_FULLDIE_0950_MED_SORT_U1.U5 S2T","DevRevStep_SORT_U1.U5","8PY6CVT","0.87","8756","-0.661149905127059","1.27644935808794","0.429109394051434","0.701248940627395"
"CDIE","AT","2.8","2","VA-IN-NA-GSDS_D_S::UPSVFPASSFLOW_U1PU5_RCS_AT_2.800_2","UPM_0107_DPMH156P48ULVTINVD4_FULLDIE_0950_MED_SORT_U1.U5 S2T","DevRevStep_SORT_U1.U5","8PY6CVT","0.87","8733","-0.682017248226965","1.29489760964541","0.470402248240386","0.701542603687951"
"CDIE","AT","3.2","1","VA-IN-NA-GSDS_D_S::UPSVFPASSFLOW_U1PU5_RCS_AT_3.200_1","UPM_0107_DPMH156P48ULVTINVD4_FULLDIE_0950_MED_SORT_U1.U5 S2T","DevRevStep_SORT_U1.U5","8PY6CVT","0.87","8756","-0.788750240268456","1.45976968146466","0.536102369178846","0.773556972431107"
"CDIE","AT","3.2","2","VA-IN-NA-GSDS_D_S::UPSVFPASSFLOW_U1PU5_RCS_AT_3.200_2","UPM_0107_DPMH156P48ULVTINVD4_FULLDIE_0950_MED_SORT_U1.U5 S2T","DevRevStep_SORT_U1.U5","8PY6CVT","0.87","8733","-0.8008997974652","1.47079379924373","0.533170783395322","0.774010975449005"
"CDIE","AT","3.6","1","VA-IN-NA-GSDS_D_S::UPSVFPASSFLOW_U1PU5_RCS_AT_3.600_1","UPM_0107_DPMH156P48ULVTINVD4_FULLDIE_0950_MED_SORT_U1.U5 S2T","DevRevStep_SORT_U1.U5","8PY6CVT","0.87","8756","-1.07928041648326","1.79763563480803","0.669615407745342","0.858661672467597"
"CDIE","AT","3.6","2","VA-IN-NA-GSDS_D_S::UPSVFPASSFLOW_U1PU5_RCS_AT_3.600_2","UPM_0107_DPMH156P48ULVTINVD4_FULLDIE_0950_MED_SORT_U1.U5 S2T","DevRevStep_SORT_U1.U5","8PY6CVT","0.87","8733","-1.06636766082973","1.78727936568807","0.637589121020435","0.859539500766206"
"CDIE","AT","3.7","1","VA-IN-NA-GSDS_D_S::UPSVFPASSFLOW_U1PU5_RCS_AT_3.700_1","UPM_0107_DPMH156P48ULVTINVD4_FULLDIE_0950_MED_SORT_U1.U5 S2T","DevRevStep_SORT_U1.U5","8PY6CVT","0.87","90","-1.34253888885756","2.05186233539504","0.728691905976521","0.883853502088963"
"CDIE","AT","3.7","2","VA-IN-NA-GSDS_D_S::UPSVFPASSFLOW_U1PU5_RCS_AT_3.700_2","UPM_0107_DPMH156P48ULVTINVD4_FULLDIE_0950_MED_SORT_U1.U5 S2T","DevRevStep_SORT_U1.U5","8PY6CVT","0.87","67","-1.25761538264786","1.9786885052589","0.776669865037589","0.884563122355266"
"CDIE","AT","3.9","1","VA-IN-NA-GSDS_D_S::UPSVFPASSFLOW_U1PU5_RCS_AT_3.900_1","UPM_0107_DPMH156P48ULVTINVD4_FULLDIE_0950_MED_SORT_U1.U5 S2T","DevRevStep_SORT_U1.U5","8PY6CVT","0.87","193","-1.09090089951387","1.93732258081101","0.12376592800572","0.988238798233937"
"CDIE","AT","3.9","2","VA-IN-NA-GSDS_D_S::UPSVFPASSFLOW_U1PU5_RCS_AT_3.900_2","UPM_0107_DPMH156P48ULVTINVD4_FULLDIE_0950_MED_SORT_U1.U5 S2T","DevRevStep_SORT_U1.U5","8PY6CVT","0.87","193","-0.652716997861712","1.56446067547253","0.0318923412881649","0.996596887332836"
"CDIE","AT","4.2","1","VA-IN-NA-GSDS_D_S::UPSVFPASSFLOW_U1PU5_RCS_AT_4.200_1","UPM_0107_DPMH156P48ULVTINVD4_FULLDIE_0950_MED_SORT_U1.U5 S2T","DevRevStep_SORT_U1.U5","8PY6CVT","0.87","8473","-1.81801001570246","2.65230999658558","0.534080639626378","1.07064128292444"
"CDIE","AT","4.2","2","VA-IN-NA-GSDS_D_S::UPSVFPASSFLOW_U1PU5_RCS_AT_4.200_2","UPM_0107_DPMH156P48ULVTINVD4_FULLDIE_0950_MED_SORT_U1.U5 S2T","DevRevStep_SORT_U1.U5","8PY6CVT","0.87","8473","-1.7913491966616","2.62735481805935","0.587052001301322","1.06888101696376"
"CDIE","CCF","1.2","1","VA-IN-NA-GSDS_D_S::UPSVFPASSFLOW_U1PU5_RCS_CCF_1.200_1","UPM_0107_DPMH156P48ULVTINVD4_FULLDIE_0950_MED_SORT_U1.U5 S2T","DevRevStep_SORT_U1.U5","8PY6CVT","0.87","8823","-0.266626034881829","0.699780020934978","0.172684989636531","0.467815370587787"
"CDIE","CCF","3","1","VA-IN-NA-GSDS_D_S::UPSVFPASSFLOW_U1PU5_RCS_CCF_3.000_1","UPM_0107_DPMH156P48ULVTINVD4_FULLDIE_0950_MED_SORT_U1.U5 S2T","DevRevStep_SORT_U1.U5","8PY6CVT","0.87","8823","-0.621301980696457","1.20818130073672","0.444458150684863","0.667648577530806"
"CDIE","CCF","3.4","1","VA-IN-NA-GSDS_D_S::UPSVFPASSFLOW_U1PU5_RCS_CCF_3.400_1","UPM_0107_DPMH156P48ULVTINVD4_FULLDIE_0950_MED_SORT_U1.U5 S2T","DevRevStep_SORT_U1.U5","8PY6CVT","0.87","8823","-0.73451323556931","1.38014607297147","0.547702406294797","0.741119558026174"
"CDIE","CCF","4","1","VA-IN-NA-GSDS_D_S::UPSVFPASSFLOW_U1PU5_RCS_CCF_4.000_1","UPM_0107_DPMH156P48ULVTINVD4_FULLDIE_0950_MED_SORT_U1.U5 S2T","DevRevStep_SORT_U1.U5","8PY6CVT","0.87","8823","-0.938744845037219","1.67887343995268","0.567073919076905","0.862165424770297"
"CDIE","CCF","4.3","1","VA-IN-NA-GSDS_D_S::UPSVFPASSFLOW_U1PU5_RCS_CCF_4.300_1","UPM_0107_DPMH156P48ULVTINVD4_FULLDIE_0950_MED_SORT_U1.U5 S2T","DevRevStep_SORT_U1.U5","8PY6CVT","0.87","269","-0.597697103674243","1.49157105454418","0.163578309833096","0.971574574347588"
"CDIE","CCF","4.8","1","VA-IN-NA-GSDS_D_S::UPSVFPASSFLOW_U1PU5_RCS_CCF_4.800_1","UPM_0107_DPMH156P48ULVTINVD4_FULLDIE_0950_MED_SORT_U1.U5 S2T","DevRevStep_SORT_U1.U5","8PY6CVT","0.87","8463","-1.45023748343205","2.38348837143346","0.566452069851629","1.12178176084758"
"CDIE","CCF","5","1","VA-IN-NA-GSDS_D_S::UPSVFPASSFLOW_U1PU5_RCS_CCF_5.000_1","UPM_0107_DPMH156P48ULVTINVD4_FULLDIE_0950_MED_SORT_U1.U5 S2T","DevRevStep_SORT_U1.U5","8PY6CVT","0.87","91","-0.139944697244868","1.29239202592781","0.0291932994145242","1.17064013932478"
"CDIE","CR","1.2","1","VA-IN-NA-GSDS_D_S::UPSVFPASSFLOW_U1PU5_RCS_CR_1.200_1","UPM_0107_DPMH156P48ULVTINVD4_FULLDIE_0950_MED_SORT_U1.U5 S2T","DevRevStep_SORT_U1.U5","8PY6CVT","0.87","8823","-0.540577901622179","0.951194945349468","0.0600748829379844","0.480892170938173"
"CDIE","CR","1.2","2","VA-IN-NA-GSDS_D_S::UPSVFPASSFLOW_U1PU5_RCS_CR_1.200_2","UPM_0107_DPMH156P48ULVTINVD4_FULLDIE_0950_MED_SORT_U1.U5 S2T","DevRevStep_SORT_U1.U5","8PY6CVT","0.87","8823","-0.515964085598207","0.930296109711217","0.0569811184856007","0.481407355240777"
"CDIE","CR","3","1","VA-IN-NA-GSDS_D_S::UPSVFPASSFLOW_U1PU5_RCS_CR_3.000_1","UPM_0107_DPMH156P48ULVTINVD4_FULLDIE_0950_MED_SORT_U1.U5 S2T","DevRevStep_SORT_U1.U5","8PY6CVT","0.87","8823","-0.649711028761123","1.22771405214588","0.201157008498277","0.662465457123702"
"CDIE","CR","3","2","VA-IN-NA-GSDS_D_S::UPSVFPASSFLOW_U1PU5_RCS_CR_3.000_2","UPM_0107_DPMH156P48ULVTINVD4_FULLDIE_0950_MED_SORT_U1.U5 S2T","DevRevStep_SORT_U1.U5","8PY6CVT","0.87","8823","-0.672233281487895","1.24775624862993","0.218115466730836","0.662913293735458"
"CDIE","CR","4.1","1","VA-IN-NA-GSDS_D_S::UPSVFPASSFLOW_U1PU5_RCS_CR_4.100_1","UPM_0107_DPMH156P48ULVTINVD4_FULLDIE_0950_MED_SORT_U1.U5 S2T","DevRevStep_SORT_U1.U5","8PY6CVT","0.87","8823","-1.20282052396327","1.89872444558191","0.626136802897034","0.852270589733865"
"CDIE","CR","4.1","2","VA-IN-NA-GSDS_D_S::UPSVFPASSFLOW_U1PU5_RCS_CR_4.100_2","UPM_0107_DPMH156P48ULVTINVD4_FULLDIE_0950_MED_SORT_U1.U5 S2T","DevRevStep_SORT_U1.U5","8PY6CVT","0.87","8823","-1.22696548604979","1.92214474675338","0.622461157891349","0.85468477389006"
"CDIE","CR","4.5","1","VA-IN-NA-GSDS_D_S::UPSVFPASSFLOW_U1PU5_RCS_CR_4.500_1","UPM_0107_DPMH156P48ULVTINVD4_FULLDIE_0950_MED_SORT_U1.U5 S2T","DevRevStep_SORT_U1.U5","8PY6CVT","0.87","8823","-1.33870724741364","2.12462472960603","0.67986049828009","0.959949424356168"
"CDIE","CR","4.5","2","VA-IN-NA-GSDS_D_S::UPSVFPASSFLOW_U1PU5_RCS_CR_4.500_2","UPM_0107_DPMH156P48ULVTINVD4_FULLDIE_0950_MED_SORT_U1.U5 S2T","DevRevStep_SORT_U1.U5","8PY6CVT","0.87","8823","-1.34366235310081","2.13479534333086","0.624059718064154","0.965809096133158"
"CDIE","CR","4.6","1","VA-IN-NA-GSDS_D_S::UPSVFPASSFLOW_U1PU5_RCS_CR_4.600_1","UPM_0107_DPMH156P48ULVTINVD4_FULLDIE_0950_MED_SORT_U1.U5 S2T","DevRevStep_SORT_U1.U5","8PY6CVT","0.87","1",,,,
"CDIE","CR","4.6","2","VA-IN-NA-GSDS_D_S::UPSVFPASSFLOW_U1PU5_RCS_CR_4.600_2","UPM_0107_DPMH156P48ULVTINVD4_FULLDIE_0950_MED_SORT_U1.U5 S2T","DevRevStep_SORT_U1.U5","8PY6CVT","0.87","1",,,,
"CDIE","CR","4.8","1","VA-IN-NA-GSDS_D_S::UPSVFPASSFLOW_U1PU5_RCS_CR_4.800_1","UPM_0107_DPMH156P48ULVTINVD4_FULLDIE_0950_MED_SORT_U1.U5 S2T","DevRevStep_SORT_U1.U5","8PY6CVT","0.87","1142","-1.976997466562","2.77804371764023","0.518973133791853","1.05805592173129"
"CDIE","CR","4.8","2","VA-IN-NA-GSDS_D_S::UPSVFPASSFLOW_U1PU5_RCS_CR_4.800_2","UPM_0107_DPMH156P48ULVTINVD4_FULLDIE_0950_MED_SORT_U1.U5 S2T","DevRevStep_SORT_U1.U5","8PY6CVT","0.87","1142","-1.64745979694973","2.50766322095818","0.353425872759451","1.07437319761192"
"CDIE","CR","5","1","VA-IN-NA-GSDS_D_S::UPSVFPASSFLOW_U1PU5_RCS_CR_5.000_1","UPM_0107_DPMH156P48ULVTINVD4_FULLDIE_0950_MED_SORT_U1.U5 S2T","DevRevStep_SORT_U1.U5","8PY6CVT","0.87","7680","-2.60057947025678","3.41535737399851","0.458755430109502","1.15285323487511"
"CDIE","CR","5","2","VA-IN-NA-GSDS_D_S::UPSVFPASSFLOW_U1PU5_RCS_CR_5.000_2","UPM_0107_DPMH156P48ULVTINVD4_FULLDIE_0950_MED_SORT_U1.U5 S2T","DevRevStep_SORT_U1.U5","8PY6CVT","0.87","7680","-2.51902446195353","3.35178132879147","0.401907182473102","1.1602300468919"
"GTDIE","GT","1.2","1","VA-IN-NA-GSDS_D_S::UPSVFPASSFLOW_U1PU4_RCS_GT_1.200_1","TPI_UPM::UPM_X_SCREEN_K_START_X_X_X_X_FEM_CALC_UPM_FEM_ULVT_FULLDIE_PDK0P9_0950MV_SORT_U1.U4","DevRevStep_SORT_U1.U4","8PQ8CVAA","0.85","8823","-0.132179041012144","0.707192591586624","0.011621964731786","0.594840406726302"
"GTDIE","GT","1.5","1","VA-IN-NA-GSDS_D_S::UPSVFPASSFLOW_U1PU4_RCS_GT_1.500_1","TPI_UPM::UPM_X_SCREEN_K_START_X_X_X_X_FEM_CALC_UPM_FEM_ULVT_FULLDIE_PDK0P9_0950MV_SORT_U1.U4","DevRevStep_SORT_U1.U4","8PQ8CVAA","0.85","8823","-0.549665110945931","1.09306593378843","0.344200974259994","0.62585058948439"
"GTDIE","GT","2","1","VA-IN-NA-GSDS_D_S::UPSVFPASSFLOW_U1PU4_RCS_GT_2.000_1","TPI_UPM::UPM_X_SCREEN_K_START_X_X_X_X_FEM_CALC_UPM_FEM_ULVT_FULLDIE_PDK0P9_0950MV_SORT_U1.U4","DevRevStep_SORT_U1.U4","8PQ8CVAA","0.85","8823","-0.751628048448162","1.33756197975957","0.548952726217475","0.698678138578634"
"GTDIE","GT","2.2","1","VA-IN-NA-GSDS_D_S::UPSVFPASSFLOW_U1PU4_RCS_GT_2.200_1","TPI_UPM::UPM_X_SCREEN_K_START_X_X_X_X_FEM_CALC_UPM_FEM_ULVT_FULLDIE_PDK0P9_0950MV_SORT_U1.U4","DevRevStep_SORT_U1.U4","8PQ8CVAA","0.85","8823","-0.806601801976946","1.41539013174621","0.568900383772123","0.729778600065805"
"GTDIE","GT","2.5","1","VA-IN-NA-GSDS_D_S::UPSVFPASSFLOW_U1PU4_RCS_GT_2.500_1","TPI_UPM::UPM_X_SCREEN_K_START_X_X_X_X_FEM_CALC_UPM_FEM_ULVT_FULLDIE_PDK0P9_0950MV_SORT_U1.U4","DevRevStep_SORT_U1.U4","8PQ8CVAA","0.85","1",,,,
"GTDIE","GT","2.9","1","VA-IN-NA-GSDS_D_S::UPSVFPASSFLOW_U1PU4_RCS_GT_2.900_1","TPI_UPM::UPM_X_SCREEN_K_START_X_X_X_X_FEM_CALC_UPM_FEM_ULVT_FULLDIE_PDK0P9_0950MV_SORT_U1.U4","DevRevStep_SORT_U1.U4","8PQ8CVAA","0.85","8822","-1.09091157477886","1.80304725413815","0.689801753840348","0.875772415576121"
"GTDIE","GTVPG","1.2","1","VA-IN-NA-GSDS_D_S::UPSVFPASSFLOW_U1PU4_RCS_GTVPG_1.200_1","TPI_UPM::UPM_X_SCREEN_K_START_X_X_X_X_FEM_CALC_UPM_FEM_ULVT_FULLDIE_PDK0P9_0950MV_SORT_U1.U4","DevRevStep_SORT_U1.U4","8PQ8CVAA","0.85","8823","-0.132179041012144","0.707192591586624","0.011621964731786","0.594840406726302"
"GTDIE","GTVPG","1.5","1","VA-IN-NA-GSDS_D_S::UPSVFPASSFLOW_U1PU4_RCS_GTVPG_1.500_1","TPI_UPM::UPM_X_SCREEN_K_START_X_X_X_X_FEM_CALC_UPM_FEM_ULVT_FULLDIE_PDK0P9_0950MV_SORT_U1.U4","DevRevStep_SORT_U1.U4","8PQ8CVAA","0.85","8823","-0.549665110945931","1.09306593378843","0.344200974259994","0.62585058948439"
"GTDIE","GTVPG","2","1","VA-IN-NA-GSDS_D_S::UPSVFPASSFLOW_U1PU4_RCS_GTVPG_2.000_1","TPI_UPM::UPM_X_SCREEN_K_START_X_X_X_X_FEM_CALC_UPM_FEM_ULVT_FULLDIE_PDK0P9_0950MV_SORT_U1.U4","DevRevStep_SORT_U1.U4","8PQ8CVAA","0.85","8823","-0.751628048448162","1.33756197975957","0.548952726217475","0.698678138578634"
"GTDIE","GTVPG","2.2","1","VA-IN-NA-GSDS_D_S::UPSVFPASSFLOW_U1PU4_RCS_GTVPG_2.200_1","TPI_UPM::UPM_X_SCREEN_K_START_X_X_X_X_FEM_CALC_UPM_FEM_ULVT_FULLDIE_PDK0P9_0950MV_SORT_U1.U4","DevRevStep_SORT_U1.U4","8PQ8CVAA","0.85","8823","-0.806601801976946","1.41539013174621","0.568900383772123","0.729778600065805"
"GTDIE","GTVPG","2.5","1","VA-IN-NA-GSDS_D_S::UPSVFPASSFLOW_U1PU4_RCS_GTVPG_2.500_1","TPI_UPM::UPM_X_SCREEN_K_START_X_X_X_X_FEM_CALC_UPM_FEM_ULVT_FULLDIE_PDK0P9_0950MV_SORT_U1.U4","DevRevStep_SORT_U1.U4","8PQ8CVAA","0.85","1",,,,
"GTDIE","GTVPG","2.9","1","VA-IN-NA-GSDS_D_S::UPSVFPASSFLOW_U1PU4_RCS_GTVPG_2.900_1","TPI_UPM::UPM_X_SCREEN_K_START_X_X_X_X_FEM_CALC_UPM_FEM_ULVT_FULLDIE_PDK0P9_0950MV_SORT_U1.U4","DevRevStep_SORT_U1.U4","8PQ8CVAA","0.85","8822","-1.09091157477886","1.80304725413815","0.689801753840348","0.875772415576121"
"HUBDIE","SAAT","1.2","1","VA-IN-NA-GSDS_D_S::UPSVFPASSFLOW_U1PU2_RCS_SAAT_1.200_1","TPI_UPM::UPM_X_SCREEN_K_START_X_X_X_X_FEM_CALC_UPM_FEM_ULVT_FULLDIE_PDK0P9_0950MV_SORT_U1.U2","DevRevStep_SORT_U1.U2","8PF9CVA","0.85","8793","-0.175239489081586","0.655393257439404","0.0268732684030242","0.506439691720056"
"HUBDIE","SAAT","2.4","1","VA-IN-NA-GSDS_D_S::UPSVFPASSFLOW_U1PU2_RCS_SAAT_2.400_1","TPI_UPM::UPM_X_SCREEN_K_START_X_X_X_X_FEM_CALC_UPM_FEM_ULVT_FULLDIE_PDK0P9_0950MV_SORT_U1.U2","DevRevStep_SORT_U1.U2","8PF9CVA","0.85","8793","-0.569974115063347","1.17995405463648","0.314437855851415","0.695476056832631"
"HUBDIE","SAAT","3","1","VA-IN-NA-GSDS_D_S::UPSVFPASSFLOW_U1PU2_RCS_SAAT_3.000_1","TPI_UPM::UPM_X_SCREEN_K_START_X_X_X_X_FEM_CALC_UPM_FEM_ULVT_FULLDIE_PDK0P9_0950MV_SORT_U1.U2","DevRevStep_SORT_U1.U2","8PF9CVA","0.85","8793","-0.768746392128313","1.48481700888073","0.244948662797943","0.831382575571663"
"HUBDIE","SAAT","3.2","1","VA-IN-NA-GSDS_D_S::UPSVFPASSFLOW_U1PU2_RCS_SAAT_3.200_1","TPI_UPM::UPM_X_SCREEN_K_START_X_X_X_X_FEM_CALC_UPM_FEM_ULVT_FULLDIE_PDK0P9_0950MV_SORT_U1.U2","DevRevStep_SORT_U1.U2","8PF9CVA","0.85","950","-0.0656818128898374","1.03038839616323","0.00227534601329249","0.974558855206867"
"HUBDIE","SAAT","3.6","1","VA-IN-NA-GSDS_D_S::UPSVFPASSFLOW_U1PU2_RCS_SAAT_3.600_1","TPI_UPM::UPM_X_SCREEN_K_START_X_X_X_X_FEM_CALC_UPM_FEM_ULVT_FULLDIE_PDK0P9_0950MV_SORT_U1.U2","DevRevStep_SORT_U1.U2","8PF9CVA","0.85","7843","-1.20644699737153","2.03974008144496","0.564596438326284","1.01426013367916"
"HUBDIE","SAC","1.4","1","VA-IN-NA-GSDS_D_S::UPSVFPASSFLOW_U1PU2_RCS_SAC_1.400_1","TPI_UPM::UPM_X_SCREEN_K_START_X_X_X_X_FEM_CALC_UPM_FEM_ULVT_FULLDIE_PDK0P9_0950MV_SORT_U1.U2","DevRevStep_SORT_U1.U2","8PF9CVA","0.85","8793","-0.613659073224529","1.10675412256925","0.521492483705347","0.585143910328405"
"HUBDIE","SAC","2.45","1","VA-IN-NA-GSDS_D_S::UPSVFPASSFLOW_U1PU2_RCS_SAC_2.450_1","TPI_UPM::UPM_X_SCREEN_K_START_X_X_X_X_FEM_CALC_UPM_FEM_ULVT_FULLDIE_PDK0P9_0950MV_SORT_U1.U2","DevRevStep_SORT_U1.U2","8PF9CVA","0.85","8793","-0.777518358680808","1.46605360124444","0.619358520888271","0.805162996365749"
"HUBDIE","SAC","2.7","1","VA-IN-NA-GSDS_D_S::UPSVFPASSFLOW_U1PU2_RCS_SAC_2.700_1","TPI_UPM::UPM_X_SCREEN_K_START_X_X_X_X_FEM_CALC_UPM_FEM_ULVT_FULLDIE_PDK0P9_0950MV_SORT_U1.U2","DevRevStep_SORT_U1.U2","8PF9CVA","0.85","8793","-1.06861814540997","1.8049076383616","0.676207414353567","0.896582214763123"
"HUBDIE","SAC","2.8","1","VA-IN-NA-GSDS_D_S::UPSVFPASSFLOW_U1PU2_RCS_SAC_2.800_1","TPI_UPM::UPM_X_SCREEN_K_START_X_X_X_X_FEM_CALC_UPM_FEM_ULVT_FULLDIE_PDK0P9_0950MV_SORT_U1.U2","DevRevStep_SORT_U1.U2","8PF9CVA","0.85","5833","-0.881290329786651","1.70629193959703","0.406260221923773","0.957195159278381"
"HUBDIE","SAC","3","1","VA-IN-NA-GSDS_D_S::UPSVFPASSFLOW_U1PU2_RCS_SAC_3.000_1","TPI_UPM::UPM_X_SCREEN_K_START_X_X_X_X_FEM_CALC_UPM_FEM_ULVT_FULLDIE_PDK0P9_0950MV_SORT_U1.U2","DevRevStep_SORT_U1.U2","8PF9CVA","0.85","2960","-0.921546438407791","1.85118075975311","0.504373427724627","1.06786628710649"
"HUBDIE","SACD","0.403","1","VA-IN-NA-GSDS_D_S::UPSVFPASSFLOW_U1PU2_RCS_SACD_0.403_1","TPI_UPM::UPM_X_SCREEN_K_START_X_X_X_X_FEM_CALC_UPM_FEM_ULVT_FULLDIE_PDK0P9_0950MV_SORT_U1.U2","DevRevStep_SORT_U1.U2","8PF9CVA","0.85","8793","-0.613659073224529","1.10675412256925","0.521492483705347","0.585143910328405"
"HUBDIE","SACD","0.787","1","VA-IN-NA-GSDS_D_S::UPSVFPASSFLOW_U1PU2_RCS_SACD_0.787_1","TPI_UPM::UPM_X_SCREEN_K_START_X_X_X_X_FEM_CALC_UPM_FEM_ULVT_FULLDIE_PDK0P9_0950MV_SORT_U1.U2","DevRevStep_SORT_U1.U2","8PF9CVA","0.85","8793","-0.777518358680808","1.46605360124444","0.619358520888271","0.805162996365749"
"HUBDIE","SADPU","1.1","1","VA-IN-NA-GSDS_D_S::UPSVFPASSFLOW_U1PU2_RCS_SADPU_1.100_1","TPI_UPM::UPM_X_SCREEN_K_START_X_X_X_X_FEM_CALC_UPM_FEM_ULVT_FULLDIE_PDK0P9_0950MV_SORT_U1.U2","DevRevStep_SORT_U1.U2","8PF9CVA","0.85","8793","-0.613659073224529","1.10675412256925","0.521492483705347","0.585143910328405"
"HUBDIE","SADPU","2.2","1","VA-IN-NA-GSDS_D_S::UPSVFPASSFLOW_U1PU2_RCS_SADPU_2.200_1","TPI_UPM::UPM_X_SCREEN_K_START_X_X_X_X_FEM_CALC_UPM_FEM_ULVT_FULLDIE_PDK0P9_0950MV_SORT_U1.U2","DevRevStep_SORT_U1.U2","8PF9CVA","0.85","8793","-0.777518358680808","1.46605360124444","0.619358520888271","0.805162996365749"
"HUBDIE","SADPU","2.5","1","VA-IN-NA-GSDS_D_S::UPSVFPASSFLOW_U1PU2_RCS_SADPU_2.500_1","TPI_UPM::UPM_X_SCREEN_K_START_X_X_X_X_FEM_CALC_UPM_FEM_ULVT_FULLDIE_PDK0P9_0950MV_SORT_U1.U2","DevRevStep_SORT_U1.U2","8PF9CVA","0.85","8793","-1.06861814540997","1.8049076383616","0.676207414353567","0.896582214763123"
"HUBDIE","SAIOC","0.5","1","VA-IN-NA-GSDS_D_S::UPSVFPASSFLOW_U1PU2_RCS_SAIOC_0.500_1","TPI_UPM::UPM_X_SCREEN_K_START_X_X_X_X_FEM_CALC_UPM_FEM_ULVT_FULLDIE_PDK0P9_0950MV_SORT_U1.U2","DevRevStep_SORT_U1.U2","8PF9CVA","0.85","8793","-0.613659073224529","1.10675412256925","0.521492483705347","0.585143910328405"
"HUBDIE","SAIOC","0.75","1","VA-IN-NA-GSDS_D_S::UPSVFPASSFLOW_U1PU2_RCS_SAIOC_0.750_1","TPI_UPM::UPM_X_SCREEN_K_START_X_X_X_X_FEM_CALC_UPM_FEM_ULVT_FULLDIE_PDK0P9_0950MV_SORT_U1.U2","DevRevStep_SORT_U1.U2","8PF9CVA","0.85","8793","-0.777518358680808","1.46605360124444","0.619358520888271","0.805162996365749"
"HUBDIE","SAME","0.45","1","VA-IN-NA-GSDS_D_S::UPSVFPASSFLOW_U1PU2_RCS_SAME_0.450_1","TPI_UPM::UPM_X_SCREEN_K_START_X_X_X_X_FEM_CALC_UPM_FEM_ULVT_FULLDIE_PDK0P9_0950MV_SORT_U1.U2","DevRevStep_SORT_U1.U2","8PF9CVA","0.85","8793","-0.613659073224529","1.10675412256925","0.521492483705347","0.585143910328405"
"HUBDIE","SAME","1.2","1","VA-IN-NA-GSDS_D_S::UPSVFPASSFLOW_U1PU2_RCS_SAME_1.200_1","TPI_UPM::UPM_X_SCREEN_K_START_X_X_X_X_FEM_CALC_UPM_FEM_ULVT_FULLDIE_PDK0P9_0950MV_SORT_U1.U2","DevRevStep_SORT_U1.U2","8PF9CVA","0.85","8793","-0.777518358680808","1.46605360124444","0.619358520888271","0.805162996365749"
"HUBDIE","SAME","1.45","1","VA-IN-NA-GSDS_D_S::UPSVFPASSFLOW_U1PU2_RCS_SAME_1.450_1","TPI_UPM::UPM_X_SCREEN_K_START_X_X_X_X_FEM_CALC_UPM_FEM_ULVT_FULLDIE_PDK0P9_0950MV_SORT_U1.U2","DevRevStep_SORT_U1.U2","8PF9CVA","0.85","8793","-1.06861814540997","1.8049076383616","0.676207414353567","0.896582214763123"
"HUBDIE","SAN","0.6","1","VA-IN-NA-GSDS_D_S::UPSVFPASSFLOW_U1PU2_RCS_SAN_0.600_1","TPI_UPM::UPM_X_SCREEN_K_START_X_X_X_X_FEM_CALC_UPM_FEM_ULVT_FULLDIE_PDK0P9_0950MV_SORT_U1.U2","DevRevStep_SORT_U1.U2","8PF9CVA","0.85","8793","-0.613659073224529","1.10675412256925","0.521492483705347","0.585143910328405"
"HUBDIE","SAN","1.5","1","VA-IN-NA-GSDS_D_S::UPSVFPASSFLOW_U1PU2_RCS_SAN_1.500_1","TPI_UPM::UPM_X_SCREEN_K_START_X_X_X_X_FEM_CALC_UPM_FEM_ULVT_FULLDIE_PDK0P9_0950MV_SORT_U1.U2","DevRevStep_SORT_U1.U2","8PF9CVA","0.85","8793","-0.777518358680808","1.46605360124444","0.619358520888271","0.805162996365749"
"HUBDIE","SAN","1.65","1","VA-IN-NA-GSDS_D_S::UPSVFPASSFLOW_U1PU2_RCS_SAN_1.650_1","TPI_UPM::UPM_X_SCREEN_K_START_X_X_X_X_FEM_CALC_UPM_FEM_ULVT_FULLDIE_PDK0P9_0950MV_SORT_U1.U2","DevRevStep_SORT_U1.U2","8PF9CVA","0.85","8793","-1.06861814540997","1.8049076383616","0.676207414353567","0.896582214763123"
"HUBDIE","SAPS","0.5","1","VA-IN-NA-GSDS_D_S::UPSVFPASSFLOW_U1PU2_RCS_SAPS_0.500_1","TPI_UPM::UPM_X_SCREEN_K_START_X_X_X_X_FEM_CALC_UPM_FEM_ULVT_FULLDIE_PDK0P9_0950MV_SORT_U1.U2","DevRevStep_SORT_U1.U2","8PF9CVA","0.85","8793","-0.613659073224529","1.10675412256925","0.521492483705347","0.585143910328405"
"HUBDIE","SAPS","0.75","1","VA-IN-NA-GSDS_D_S::UPSVFPASSFLOW_U1PU2_RCS_SAPS_0.750_1","TPI_UPM::UPM_X_SCREEN_K_START_X_X_X_X_FEM_CALC_UPM_FEM_ULVT_FULLDIE_PDK0P9_0950MV_SORT_U1.U2","DevRevStep_SORT_U1.U2","8PF9CVA","0.85","8793","-0.777518358680808","1.46605360124444","0.619358520888271","0.805162996365749"
"HUBDIE","SAQ","1.4","1","VA-IN-NA-GSDS_D_S::UPSVFPASSFLOW_U1PU2_RCS_SAQ_1.400_1","TPI_UPM::UPM_X_SCREEN_K_START_X_X_X_X_FEM_CALC_UPM_FEM_ULVT_FULLDIE_PDK0P9_0950MV_SORT_U1.U2","DevRevStep_SORT_U1.U2","8PF9CVA","0.85","8793","-0.613659073224529","1.10675412256925","0.521492483705347","0.585143910328405"
"HUBDIE","SAQ","3","1","VA-IN-NA-GSDS_D_S::UPSVFPASSFLOW_U1PU2_RCS_SAQ_3.000_1","TPI_UPM::UPM_X_SCREEN_K_START_X_X_X_X_FEM_CALC_UPM_FEM_ULVT_FULLDIE_PDK0P9_0950MV_SORT_U1.U2","DevRevStep_SORT_U1.U2","8PF9CVA","0.85","8793","-0.777518358680808","1.46605360124444","0.619358520888271","0.805162996365749"
"HUBDIE","SAQ","3.4","1","VA-IN-NA-GSDS_D_S::UPSVFPASSFLOW_U1PU2_RCS_SAQ_3.400_1","TPI_UPM::UPM_X_SCREEN_K_START_X_X_X_X_FEM_CALC_UPM_FEM_ULVT_FULLDIE_PDK0P9_0950MV_SORT_U1.U2","DevRevStep_SORT_U1.U2","8PF9CVA","0.85","8793","-1.06861814540997","1.8049076383616","0.676207414353567","0.896582214763123"
"HUBDIE","SAQ","3.6","1","VA-IN-NA-GSDS_D_S::UPSVFPASSFLOW_U1PU2_RCS_SAQ_3.600_1","TPI_UPM::UPM_X_SCREEN_K_START_X_X_X_X_FEM_CALC_UPM_FEM_ULVT_FULLDIE_PDK0P9_0950MV_SORT_U1.U2","DevRevStep_SORT_U1.U2","8PF9CVA","0.85","5833","-0.881290329786651","1.70629193959703","0.406260221923773","0.957195159278381"
"HUBDIE","SAQ","4","1","VA-IN-NA-GSDS_D_S::UPSVFPASSFLOW_U1PU2_RCS_SAQ_4.000_1","TPI_UPM::UPM_X_SCREEN_K_START_X_X_X_X_FEM_CALC_UPM_FEM_ULVT_FULLDIE_PDK0P9_0950MV_SORT_U1.U2","DevRevStep_SORT_U1.U2","8PF9CVA","0.85","2960","-0.921546438407791","1.85118075975311","0.504373427724627","1.06786628710649"
"HUBDIE","SAVPU","0.629","1","VA-IN-NA-GSDS_D_S::UPSVFPASSFLOW_U1PU2_RCS_SAVPU_0.629_1","TPI_UPM::UPM_X_SCREEN_K_START_X_X_X_X_FEM_CALC_UPM_FEM_ULVT_FULLDIE_PDK0P9_0950MV_SORT_U1.U2","DevRevStep_SORT_U1.U2","8PF9CVA","0.85","8793","-0.613659073224529","1.10675412256925","0.521492483705347","0.585143910328405"
"HUBDIE","SAVPU","1.257","1","VA-IN-NA-GSDS_D_S::UPSVFPASSFLOW_U1PU2_RCS_SAVPU_1.257_1","TPI_UPM::UPM_X_SCREEN_K_START_X_X_X_X_FEM_CALC_UPM_FEM_ULVT_FULLDIE_PDK0P9_0950MV_SORT_U1.U2","DevRevStep_SORT_U1.U2","8PF9CVA","0.85","8793","-0.777518358680808","1.46605360124444","0.619358520888271","0.805162996365749"
"HUBDIE","SAVPU","1.429","1","VA-IN-NA-GSDS_D_S::UPSVFPASSFLOW_U1PU2_RCS_SAVPU_1.429_1","TPI_UPM::UPM_X_SCREEN_K_START_X_X_X_X_FEM_CALC_UPM_FEM_ULVT_FULLDIE_PDK0P9_0950MV_SORT_U1.U2","DevRevStep_SORT_U1.U2","8PF9CVA","0.85","8793","-1.06861814540997","1.8049076383616","0.676207414353567","0.896582214763123"
